brand,sum
1&1 Ionos,461
Blockchain,461
WhatsApp,461
Steam,461
Square,461
Spotify,461
Spectrum,461
Rackspace,461
PostFinance,461
Orange,461
Netflix,461
Navy Federal Credit Union,461
IRS,461
Facebook,461
Etisalat,461
Google,461
eBay,461
Bank of America,461
American Express,461
Alaska USA Federal Credit Union,461
Amazon,461
Banca Sella,461
AT&T,461
Bet365,461
GoDaddy,459
Apple,458
Adobe,458
Instagram,458
PayPal,457
Dropbox,455
WeTransfer,450
Scotiabank,446
DHL Airways,440
Deutsche Telekom,440
Standard Chartered Bank,427
Societe Generale,406
AOL,376
DocuSign,349
OneDrive,121
Microsoft,87
Credit Agricole,55
163.cn,25
Interac,15
Leboncoin,3
Yahoo,3
Apple Federal Credit Union,1
Apple Software Update,1
KTB Bank,1
Apple Kit Installer,1
